<?xml version="1.0"?>
<schema xmlns:xsi="http://www.w3.org/2001/XMLSchema-instance" xsi:noNamespaceSchemaLocation="urn:magento:framework:Setup/Declaration/Schema/etc/schema.xsd">
    <table name="customer_connections_logs" resource="default" engine="innodb" comment="Customer Connections Logs">
        <column xsi:type="int" name="log_id" nullable="false" identity="true" comment="Log ID"/>
        <column xsi:type="timestamp" name="created_at" nullable="false" default="CURRENT_TIMESTAMP" comment="Created At"/>
        <column xsi:type="timestamp" name="updated_at" nullable="true" on_update="true" default="NULL" comment="Updated At"/>
        <column xsi:type="varchar" name="ip" nullable="false" length="255" comment="IP Address"/>
        <column xsi:type="int" name="customer_id" nullable="false" comment="Customer ID"/>
        <constraint xsi:type="primary" referenceId="PRIMARY">
            <column name="log_id"/>
        </constraint>
        <!-- <constraint xsi:type="foreign" referenceId="CUSTOMER_CONNECTION_LOGS_CUSTOMER_ID" table="customer_connections_logs" column="customer_id" referenceTable="customer_entity" referenceColumn="entity_id" onDelete="CASCADE"/> -->
       
    </table>
</schema>




<!-- <?xml version="1.0"?>
<schema xmlns:xsi="http://www.w3.org/2001/XMLSchema-instance" xsi:noNamespaceSchemaLocation="urn:magento:framework:Setup/Declaration/Schema/etc/schema.xsd">
    <table name="customer_connections_logs" resource="default" engine="innodb" comment="Customer Log Table">
            <column xsi:type="int"       name="id"          nullable="false" unsigned="true" padding="10" identity="true" />
            <column xsi:type="int"       name="customer_id" nullable="false" unsigned="true"/>
            <column xsi:type="varchar"   name="IP"          nullable="false" length="45"/>
            <column xsi:type="timestamp" name="created_at"  nullable="false" on_update="false" default="CURRENT_TIMESTAMP" />
            <column xsi:type="timestamp" name="updated_at"  nullable="false" on_update="true" default="CURRENT_TIMESTAMP" />
            
            <constraint xsi:type="primary" referenceId="PRIMARY">
                <column name="id"/>
            </constraint>
    </table>
</schema> -->
   