<?xml version="1.0"?>
<config xmlns:xsi="http://www.w3.org/2001/XMLSchema-instance" xsi:noNamespaceSchemaLocation="urn:magento:framework:ObjectManager/etc/config.xsd">
    <type name="Magento\Framework\View\Element\UiComponent\DataProvider\CollectionFactory">
		<arguments>
			<argument name="collections" xsi:type="array">
				<item name="customerlog_log_listing_data_source" xsi:type="string">Meetanshi\CustomerLog\Model\ResourceModel\CustomerConnectionLog\Grid\Collection</item>
			</argument>
		</arguments>
	</type>
	<virtualType name="Meetanshi\CustomerLog\Model\ResourceModel\CustomerConnectionLog\Grid\Collection" type="Magento\Framework\View\Element\UiComponent\DataProvider\SearchResult">
		<arguments>
			<argument name="mainTable" xsi:type="string">customer_connections_logs</argument>
			<argument name="resourceModel" xsi:type="string">Meetanshi\Extension\Model\ResourceModel\CustomerConnectionLog</argument>
		</arguments>
	</virtualType>

</config>